{
    "notes": [
        {
            "id": 1,
            "title": "Note 5",
            "due_date": "1890-11-22",
            "summary": "new 5",
            "body": "new 5"
        },
        {
            "id": 2,
            "title": "Note 2",
            "due_date": "1990-12-22",
            "summary": "<b>This is summary for Note 2.</b>",
            "body": "<i>This is body for Note 2.</i>"
        },
        {
            "id": 3,
            "title": "Note 1",
            "due_date": "1991-03-26",
            "summary": "<b>This is summary for Note 1.</b>",
            "body": "<i>This is body for Note 1.</i>"
        },
        {
            "id": 4,
            "title": "Note 3",
            "due_date": "1993-02-08",
            "summary": "<b>This is summary for Note 3.</b>",
            "body": "<i>This is body for Note 3.</i>"
        },
        {
            "id": 5,
            "title": "Note 4",
            "due_date": "2016-11-24",
            "summary": "sneha",
            "body": "sneha"
        },
        {
            "id": 6,
            "title": "New again",
            "due_date": "2017-01-12",
            "summary": "New Note",
            "body": "Special Note"
        }
    ]
}